model_version,query_type,device_type,quality_score,latency_ms,cost
A,account,mobile,0.822007192951004,1137.5708392672118,0.3751734132259016
A,technical,mobile,0.927312678301361,1030.4895991439464,0.34232537870076085
A,account,mobile,0.9222742090570538,1132.498071300628,0.41339218189331667
A,account,mobile,0.9981627361652731,1388.572382529386,0.3588232514687075
A,technical,desktop,0.87461108825235,1119.6997369475666,0.3740873680569399
A,technical,mobile,0.900957516383197,1253.768042731443,0.4662638045218519
A,account,desktop,0.9024691841855378,1090.356558642679,0.4413557714282884
A,billing,desktop,0.9688726639881737,1313.688277488543,0.4078987156125726
A,account,mobile,0.8852352233806524,1302.8261608185305,0.3364040499443639
A,account,desktop,0.903951076288517,1477.2913249944618,0.41056982837353295
A,account,desktop,0.920394825485827,1173.6654081751176,0.45313286453937635
A,account,desktop,0.8993304561578179,1300.298220713686,0.38121831671172324
A,technical,desktop,0.8676783192724736,1214.7101309308416,0.4675557044993358
A,account,mobile,0.8997044996449154,1394.3807672794521,0.46463726447591036
A,billing,desktop,0.9436815874929886,1092.1751418586905,0.48318664160717373
A,technical,mobile,0.838674235029447,1311.750796931592,0.41526215632656766
A,billing,desktop,0.8966484837073438,1170.7954055824978,0.42936958499030065
A,billing,desktop,0.8549939592530413,1190.3717734337254,0.47070936441655453
A,billing,mobile,0.9497523314462422,1213.762872667256,0.42236969685344883
A,billing,desktop,0.8138406547608112,1237.8360594640017,0.3749382946104894
A,technical,desktop,0.8620539076364206,1182.5656435317062,0.377572858173607
A,technical,desktop,0.908860593753226,1232.206977475579,0.411927747688687
A,billing,mobile,0.968276201461717,1436.7177086343277,0.33547192890268906
A,billing,desktop,0.8867124869463506,1347.8174528422828,0.3928370542317904
A,technical,mobile,0.8622400236653401,1330.3731888745344,0.4548273559115127
A,technical,desktop,0.9840578534720296,1131.6690710964194,0.29043730744173596
A,technical,mobile,0.8175993049791879,1066.6138757657513,0.4767241050897258
A,account,mobile,0.7800597021689959,1343.295083735663,0.456118710935158
A,account,desktop,0.9120007225026666,1331.4070188794692,0.37701176920847623
A,account,desktop,0.8648972887823695,1420.9006013626472,0.4271695413935905
A,billing,mobile,0.8389383591434644,1109.4029061046156,0.40015738634531633
A,account,mobile,0.9254178223649677,1165.567701695948,0.46149951842193415
A,billing,desktop,0.9021900356885599,954.0773756211848,0.4491341571384971
A,billing,mobile,0.8617960684631636,1141.129334090869,0.3299964638408496
A,account,desktop,0.8259847800664553,1349.485576586917,0.42936312067320886
A,billing,desktop,0.9336228664140073,1130.0256931157703,0.38971860731783764
A,account,desktop,0.922510058897933,1296.0719692801235,0.404141628525905
A,account,desktop,0.8850412068110308,1171.4245341003284,0.36359140495150927
A,technical,mobile,0.9823318498023833,1248.6085542332341,0.4874068534560418
A,account,desktop,0.8364957616836923,1027.84629152765,0.4520030909951288
A,technical,mobile,0.813723741453763,1212.7814174450853,0.36301144180135164
A,account,desktop,0.8554045965059378,751.3296043648916,0.3332694696544884
A,account,mobile,0.8877206991822251,1171.9655762757022,0.3807163684511076
A,technical,desktop,0.9021669724661346,955.429013442729,0.4217251323045653
A,technical,mobile,0.8779381971071836,1380.8991774820224,0.41201029219731117
A,account,mobile,0.9076027698257149,1316.6111029146766,0.4626566412384122
A,billing,desktop,0.8274230287904778,1270.0006472949121,0.4394959861090426
A,technical,desktop,0.962188230203663,1428.150934073907,0.44847845128764535
A,billing,desktop,0.8858924410803716,1057.6625218762745,0.4163427700305219
A,billing,desktop,0.9458647915794064,1462.1044796873337,0.3305350634894505
A,billing,mobile,0.9071362673188852,1339.8287346390578,0.39021507344265494
A,technical,desktop,0.9128376609576893,1164.516706917158,0.4530044869954333
A,billing,mobile,0.9184883640116102,1370.3430220774417,0.3974238535737677
A,technical,mobile,0.9123854280008658,1034.0559731382548,0.42515451843118734
A,billing,desktop,0.9221361379933772,1076.322875770849,0.38406258423769335
A,account,mobile,0.9564576265066216,1108.711541514045,0.34850940757290777
A,account,mobile,0.8998260584850735,1120.6533437903977,0.3938327967976945
A,technical,mobile,0.9254501878794257,1041.5163535859622,0.4154523721516327
A,account,mobile,0.8855132152856386,1383.4624600642987,0.3672156140269278
A,account,desktop,0.9620058607724736,1161.1718399445253,0.3882144377571666
A,billing,desktop,0.8561803848970365,1252.875745253532,0.3530268379007009
A,technical,desktop,0.9800470216455408,1114.447295037948,0.45596224587820483
A,billing,desktop,0.8879921024677828,926.9095049177224,0.38527721212059834
A,billing,mobile,0.8184612448940976,1240.5086037587132,0.4726377772563092
A,billing,mobile,0.8964052207455395,913.1617536870335,0.4764373925270454
A,billing,desktop,0.855947417126256,1189.7048930871797,0.3959477017639128
A,billing,desktop,0.9320321774494362,994.7527441750784,0.3495775633726325
A,billing,desktop,0.8573688010348804,1498.0913998846213,0.29570510611333317
A,billing,mobile,0.867690828339261,1336.7044083262083,0.32639814634866043
A,technical,desktop,0.7955229634527234,1215.863068690722,0.33130825875506703
A,account,desktop,0.8673846840375462,1389.5560016482002,0.46892348137307527
A,billing,desktop,0.7688060336685522,1073.0526033801395,0.4057912293613473
A,billing,mobile,0.8108048588257138,1281.521906800514,0.4194802262045994
A,billing,mobile,0.9280207328072149,1229.971565057807,0.2889789495532437
A,billing,mobile,0.9292900079325417,1239.6030122000504,0.3401016785391369
A,billing,mobile,0.9112728780892483,1390.8530250160152,0.44435398882231436
A,billing,mobile,0.8416511928435394,1309.8738154169703,0.41433870561912933
A,account,mobile,0.887614432192901,1243.3085494237534,0.39263973606572017
A,account,mobile,0.8898198730454716,951.7668845657556,0.42824211793000616
A,billing,mobile,0.8320817655403728,1055.9930557080804,0.48178989030679076
A,account,desktop,0.9651699150883576,1181.5936599606414,0.38894787682314746
A,technical,desktop,0.9338681145287836,1214.0058561414976,0.4034684901329035
A,billing,mobile,0.8789517913085169,1030.4694412989115,0.40962984593656526
A,technical,mobile,0.8913442919497265,1561.751501336763,0.5196054817636997
A,technical,desktop,0.9004191403973776,1427.4591082880358,0.29503218677904874
A,billing,mobile,0.7879132565787854,1290.3177480588724,0.4341611507394404
A,account,mobile,0.8776411308739702,1210.8055291925616,0.39425988756204683
A,technical,mobile,0.8559007876001101,1168.1686545148273,0.428338586309209
A,billing,desktop,0.8399189995052543,1057.2122309966646,0.3671313723002638
A,technical,desktop,0.8759449853557023,1211.6220777778294,0.3975517484570775
A,technical,desktop,0.9798843263424761,1238.6628810214127,0.43557052897327475
A,technical,desktop,0.9220421430633505,1013.7359136777563,0.5556455100521921
A,technical,desktop,0.8614410505108602,1250.1264625867345,0.4404018094701036
A,account,mobile,0.918629139067808,1176.7111426762876,0.3575967200984746
A,technical,desktop,0.9599677718293002,913.8288663183914,0.3788120158988649
A,technical,mobile,0.9362316841456384,1070.9422483830747,0.37732929458080733
A,technical,mobile,0.8929815184960087,1137.9591699867533,0.3102178413684993
A,account,desktop,0.8576531611147213,1483.1531486010285,0.38349549041492814
A,technical,desktop,0.9249111656806795,1283.4829686800638,0.4366414540910873
A,technical,mobile,0.9096742692710875,999.6777646350163,0.3362883940461603
A,account,mobile,0.9347596610013866,1272.9054434126456,0.45242413255252967
A,account,mobile,0.9217585900840984,967.9044016592452,0.4243887410542169
A,account,desktop,0.9424776357659668,1362.403658083061,0.3632883339014481
A,technical,desktop,0.8632382394219716,1129.3313022273182,0.39292351813310766
A,account,desktop,0.9558697032817163,1185.9545716891244,0.4799160903820517
A,account,desktop,0.89987998023462,1398.8694971313284,0.4366773906752933
A,technical,desktop,0.9937630436312633,1006.9254647123626,0.4004391827449074
A,account,mobile,0.8555406090955217,990.4322722330513,0.38811583415195083
A,technical,desktop,0.9767981901582625,1112.4601010480992,0.403830453522583
A,billing,mobile,0.8998955391731324,1355.7568276528975,0.3744118221028849
A,account,mobile,0.8574290998192776,972.0980886784737,0.2947625247140493
A,billing,mobile,0.865805708297284,775.1766602834147,0.5021088955267365
A,technical,desktop,0.873982634590284,1132.3261712386502,0.4077662499599701
A,account,desktop,0.9112082973200958,1282.761119986638,0.4199073632561269
A,technical,desktop,0.916141774401775,1380.0392624608244,0.3971046125061546
A,billing,mobile,0.861314999803071,1130.52579568719,0.36324415996377063
A,technical,mobile,0.8887822703869509,1138.2860089325995,0.3907037759525615
A,account,mobile,0.9971135179305932,1373.085110138362,0.32003026189028444
A,account,mobile,0.9763771585050356,919.5387450456869,0.5138543249026652
A,billing,mobile,0.9118161834837016,1141.7218837225487,0.3382744000788802
A,technical,mobile,0.89190017390841,1228.5635834887587,0.348401685807641
A,account,desktop,0.8960015663359131,1267.3828081927552,0.37798703978068
A,billing,desktop,0.9206758986365209,1123.5289960213677,0.4644037862426189
A,account,desktop,0.8388603717400798,1205.1661517558762,0.40072544996313275
A,account,desktop,0.8771311731288327,826.7508969880516,0.3381932101984769
A,technical,mobile,0.8065707963061205,1101.2627381499228,0.462716918037867
A,account,mobile,0.909961156130264,1268.02630688317,0.4365500313392741
A,technical,desktop,0.922359796985137,1052.655894861798,0.42692174786082265
A,account,mobile,0.8658406768850313,1208.8476332384396,0.435786712058542
A,billing,desktop,0.9686993381645017,1267.0308751204047,0.5197180950291226
A,account,desktop,0.828711716849883,1148.6176198713354,0.5092547447518057
A,technical,desktop,0.816781255989509,1225.5695656494856,0.36566423284983524
A,technical,mobile,0.9012225909279986,1055.5901152073081,0.4811942496405576
A,billing,desktop,0.9423549151306078,1169.008308045593,0.419158409487945
A,account,desktop,0.9741963845728935,1291.5324254383834,0.4249547908068875
A,account,desktop,0.867055786856553,1223.5459441452651,0.3153864584178336
A,billing,mobile,0.9439340416715648,1112.0203095654097,0.39148071173059024
A,account,mobile,0.8880745765249647,1233.632460643619,0.3593588204831718
A,account,desktop,0.881368635002959,1307.1914685954928,0.44140294074466546
A,technical,mobile,0.9341829968743336,892.5088082133783,0.4535540250201403
A,account,mobile,0.922616143920671,1373.8611097433845,0.29627568244918445
A,account,mobile,0.8111803921507875,1149.5617891978393,0.3988982567997865
A,billing,mobile,0.9638270174862948,1263.8234899860345,0.45609307523971265
A,billing,mobile,0.9590045677073726,1379.5870385467842,0.3906660518843278
A,technical,mobile,0.8587218649245235,994.2489454154302,0.43645318225011825
A,account,mobile,0.9097901766718705,1093.583849635868,0.4175582733813542
A,account,mobile,0.914701509314137,1156.7176956186443,0.41708301159763134
A,account,mobile,0.9030336882911953,1082.4369718313358,0.38643425109658514
A,technical,mobile,0.862484742307729,1460.2404863755214,0.33917095979321454
A,technical,desktop,0.8564188316030974,1071.4841859259811,0.34392349262874866
A,billing,desktop,0.8887222964504278,1116.66798307697,0.43546762572276587
A,technical,mobile,0.9486364509629682,1230.6583547404466,0.40097291277594416
A,account,desktop,0.9171800077297216,1019.6775710885867,0.39307438776963877
A,account,desktop,0.8714692833956947,1140.6478932365603,0.3788054978838824
A,technical,mobile,0.9285849355324173,1247.6179891875263,0.38474055772596244
A,account,mobile,0.7475728689684962,1150.0709393426232,0.45234558972440697
A,account,mobile,0.9474382850186052,1185.9919711650077,0.3832377959065987
A,technical,desktop,0.803014311061095,1120.6001831327444,0.3329467643349216
A,technical,desktop,0.8718779529298434,972.829453622885,0.43718258877700866
A,account,mobile,0.8340165052686929,1248.2389817008857,0.38975616680676417
A,account,mobile,0.8252659262139548,1463.2399607470861,0.40156979327663883
A,account,mobile,0.948041339368926,1202.7602446175158,0.48037891531997556
A,billing,desktop,0.8666149399344054,1233.7896175871324,0.39897197213247465
A,billing,desktop,0.9073251940865358,1303.9084132675289,0.4144591836559363
A,billing,desktop,0.8876539710560408,1009.6004255179951,0.3410538254350838
A,technical,desktop,0.913852041361156,1455.377198719441,0.389016527382452
A,billing,mobile,0.8938410945530127,1230.3493194634202,0.4304763022604301
A,technical,mobile,0.8258503887905715,1444.7785348633663,0.3222313133079379
A,technical,mobile,0.939813340972357,1090.0450506714017,0.4100422546557855
A,billing,mobile,0.8653121708419343,1472.7092883836738,0.4050395536322403
A,billing,desktop,0.8121709050670125,1316.2733241052174,0.402064372779372
A,billing,desktop,0.8685942419517044,1282.9560128778537,0.4518579449329122
A,account,mobile,0.9650379895317156,1235.1036681529722,0.4167219257424261
A,billing,mobile,0.9325110871056747,1162.7207072888325,0.47390359491782225
A,account,desktop,0.8725673932796071,1380.0797487710809,0.3503205242202982
A,technical,mobile,0.8725371147840786,1221.053980477207,0.40679622836091744
A,account,desktop,0.8739182474391309,904.9395444619272,0.4042233393194974
A,billing,mobile,0.993837399178042,1032.4220307439496,0.346537275312246
A,technical,mobile,0.9090967726115777,1172.1231371710878,0.44781475010456734
A,technical,mobile,0.9115020823595535,1246.4998474748334,0.5162336652926409
A,technical,mobile,0.9415141727015921,1191.5117266650157,0.3991496962758085
A,account,mobile,0.9019394579513257,1382.8456184690494,0.4252510544136884
A,billing,mobile,0.8770478927089649,907.3347203942062,0.4042259237907664
A,technical,mobile,0.8801825075457511,1221.538190475774,0.36432076650464124
A,technical,desktop,0.8864199370292968,927.3031161919268,0.3089619861098992
A,technical,desktop,0.8881388881745079,1313.9568443226253,0.36471132584523175
A,account,desktop,0.926381477181849,1185.8311928336996,0.33040208095241347
A,account,desktop,0.8925972942903649,1262.9414958036177,0.4852051039029559
A,billing,desktop,0.9266320038607789,1070.4175559115351,0.3942445153038381
A,account,mobile,0.8859641709945709,1391.9197397486628,0.3827040335476415
A,technical,mobile,0.8939317595158045,1356.2586996088278,0.44445769123939033
A,billing,desktop,0.7900899657733946,1287.531645451783,0.3439124448572056
A,technical,mobile,0.9358163837351241,1180.5724129704838,0.3616567980997724
A,technical,desktop,0.9073244237948996,1286.9785927942698,0.4034036134624311
A,account,desktop,0.9399005054929827,1093.9661148018977,0.45143844957117407
A,billing,mobile,0.7451872310903156,1328.3333488531068,0.42508425225843943
A,account,mobile,0.9944187352390363,1447.4221341485882,0.4124162571257941
A,account,mobile,0.8830205185922413,1360.591583996878,0.40390588676180084
A,billing,desktop,0.9454091408368759,1090.5596295288885,0.42001179277633877
A,technical,mobile,0.8380047036437235,1254.2125975909655,0.41008264525646276
A,technical,desktop,0.9206386952531285,1006.0287684362029,0.34850138626115323
A,billing,desktop,0.8373292218413172,1285.8585466763514,0.4023039610816576
A,technical,desktop,0.8588115519652098,1267.590511929381,0.34631556705411237
A,billing,mobile,0.9857015676933394,919.5275490701754,0.4040541271450412
A,billing,mobile,0.8804658799618327,1025.7324234131454,0.37596760292558795
A,account,desktop,0.9008716436589862,1157.529165488435,0.5269690811391431
A,billing,mobile,0.9335033865344378,1154.8710379288761,0.39800528081241443
A,account,mobile,0.9147840943986303,1018.5784596871792,0.32978802168692056
A,technical,mobile,0.8975209452571788,1258.3468094028276,0.3932909894661538
A,technical,desktop,0.9082480501233113,1237.721041341077,0.4259679372818944
A,technical,desktop,1.0101707792619137,1170.8596302032222,0.4836681973076262
A,technical,mobile,0.8871190601483208,1086.6312749762455,0.3705273800030641
A,account,desktop,0.9000549523357484,1357.3060689624845,0.320878601298818
A,technical,mobile,0.9425327198003806,1448.3110669632442,0.44084185057154907
A,billing,mobile,0.9452762966478993,1127.4657774230195,0.33097006470501744
A,billing,mobile,0.949351515278019,1108.1749624267768,0.37819222792462576
A,billing,mobile,0.9219365111014592,1273.6811498117995,0.3871189757244503
A,account,desktop,0.8328497543634759,1146.2955930379521,0.3965183273349946
A,technical,desktop,0.9716715766150548,1179.090419900515,0.4344582228537168
A,technical,desktop,0.8326827303490656,1310.9479727587006,0.36581828588568066
A,technical,mobile,0.9051317732619517,913.5965868739061,0.38631353739166197
A,account,mobile,0.8522862074990321,1397.7453487279004,0.3992864823525306
A,billing,mobile,0.8867930826703504,1210.9020786494011,0.4074798978759394
A,billing,desktop,0.906438120515174,1138.2760283156729,0.40489135873539617
A,technical,mobile,0.9060678607725137,1186.6148768667827,0.421800288761129
A,billing,desktop,0.9110960377117643,1194.3644032530779,0.4421919754820869
A,billing,desktop,0.9706855634529323,940.3198044832611,0.41963170578254844
A,account,desktop,0.912676715075699,1424.2407341179853,0.42267927617546097
A,account,desktop,0.8777921682354676,1206.1988448405928,0.3208888416626761
A,account,desktop,0.9382043584144178,1266.4503195671064,0.40251138495828404
A,account,desktop,0.949473524446232,1342.7324655861064,0.42397537740008046
A,technical,mobile,0.8286196092431504,1046.825631365955,0.43644705972852255
A,account,mobile,0.9198700034924929,1271.0207848552843,0.3653824612883103
A,billing,desktop,0.9250586371155449,1159.853836365181,0.36704803625556776
A,technical,desktop,0.8751218248320004,1327.015616282474,0.3712949662358201
A,billing,mobile,0.958785340665581,880.9158869472757,0.4268206949945672
A,billing,desktop,0.8824972206483737,1185.1358549638096,0.45169405274621044
A,billing,desktop,0.8962788226735772,1109.5769016324057,0.37962699463541993
A,account,mobile,0.8813464087858065,1264.8394425951233,0.44539811568135246
A,account,desktop,0.8907789523790733,1270.5066281052302,0.4061739904582297
A,technical,desktop,0.8351862456552399,1093.856115776696,0.3937857111418782
A,technical,desktop,0.8179974558702853,1093.1739203735935,0.38943078850910157
A,account,mobile,0.9697252531612486,1183.4001947164006,0.43733056823010785
A,billing,mobile,0.8476519325840837,1065.5036659027187,0.41627889083935354
A,technical,mobile,0.8404303825271846,1326.297554317819,0.5137912713823819
A,account,desktop,0.7823304943198143,1144.618919932883,0.3573887678501338
A,account,desktop,0.8580519126155249,763.9517671017538,0.4259050851014988
A,account,mobile,0.823845510329625,1143.776691506729,0.3735399495094244
A,billing,desktop,0.9721007580068185,1044.218426873404,0.3565356506505678
A,account,desktop,0.9404908544671318,955.3086276808582,0.3994566431482514
A,account,desktop,0.8555924827411139,1014.3860042666141,0.4068676239703518
A,account,desktop,1.0026217902672154,1216.4112707749455,0.5459086777530047
A,account,desktop,0.9390882743495798,1399.2961242372346,0.3907927092158399
A,technical,mobile,0.8737584308245689,1246.977671079747,0.34349106352576586
A,technical,desktop,0.7650297142563214,1109.0244917676391,0.4136505358747193
A,account,mobile,1.004547128629537,1268.3856292756054,0.2962679981226816
A,billing,desktop,0.8205213766618202,1131.1364534671511,0.39540216086978675
A,technical,mobile,0.8077300626521554,1095.8099446255283,0.400801264114758
A,account,desktop,0.941128521600482,1026.8455997650524,0.4397300191472606
A,technical,mobile,1.0119876203169635,937.2256789872422,0.44868111247139236
A,technical,desktop,0.959213640925526,1141.5114440160833,0.37482151905461414
A,billing,mobile,0.918195456002618,1223.7080234880198,0.3924692992685034
A,account,desktop,0.9197377170832644,1185.5064494977667,0.3616939584694665
A,account,mobile,0.9326707779390154,1137.6049608078963,0.3435968722596153
A,billing,desktop,0.9279464294893383,1058.138090895483,0.4154947389690318
A,billing,mobile,0.9040595711984688,1291.2369287527454,0.33632072257017004
A,account,mobile,0.8952100551975938,1002.4302120080123,0.3792686549714069
A,account,desktop,0.8868703436050239,1316.4041870765213,0.35024130200503817
A,billing,desktop,0.8523017705566662,1049.6674471609913,0.427484159314513
A,technical,mobile,0.8759662461566613,1087.1347143970447,0.4900715049633244
A,technical,desktop,0.8053521592902307,979.9822214076485,0.33492060085983344
A,billing,mobile,0.8850830186602625,1124.7896779671546,0.30734907585512156
A,technical,mobile,0.8405704446424541,1346.2968687716968,0.39375565573249666
A,billing,mobile,0.8348205341392114,1277.3442132665934,0.40078488979788796
A,technical,desktop,0.898994707557674,1346.7633168042053,0.4109329653378649
A,technical,mobile,0.95960011431723,1278.3213818900904,0.37768397423828276
A,account,mobile,0.9359158303001157,1034.4495257204446,0.38996803505872846
A,account,desktop,0.8114749698188412,1150.3816163508664,0.41837552052703014
A,technical,desktop,0.8405185931714831,1082.9701306323807,0.452021544632242
A,technical,desktop,0.9370385593994108,1399.586235605856,0.3022475614840859
A,account,desktop,0.8408756303230845,1020.4817030360532,0.3815530280484269
A,account,mobile,0.8787683425001488,1334.0546534083667,0.4106904396970532
A,account,mobile,0.9175026049512276,1333.9430805163154,0.3541011947694632
A,billing,mobile,0.8415827772568183,1474.443030257413,0.486558481588365
A,technical,mobile,0.895268775307298,1138.5470111055754,0.3682295059885632
A,account,desktop,0.8232987252540898,1306.8483239370244,0.3979353656496359
A,technical,mobile,0.8599316178024393,1542.2477754808265,0.42780110484211453
A,billing,mobile,0.9059890967071269,1107.3537484599456,0.3704357605599053
A,billing,desktop,0.8103503133234166,969.7439628701461,0.30767134760977916
A,account,mobile,0.91202373689802,917.9984949138354,0.37856727365417336
A,billing,mobile,0.8890181100536659,1306.9068043291998,0.45147202779635204
A,technical,mobile,0.9176244977208574,917.5274687912124,0.3831552436607431
A,account,mobile,0.9011957067032331,1144.1521420593115,0.3576782849270511
A,technical,mobile,0.9582070214986922,1265.5969780558441,0.4462836104751361
A,technical,mobile,0.8962612251323954,1227.776330524487,0.3834612551988474
A,billing,desktop,0.8685297229437373,1263.8167296276258,0.37449195931748913
A,billing,desktop,0.8961148751516143,1233.3434783701282,0.4074728044831655
A,billing,mobile,0.9171649014518194,1391.829871997009,0.43853751048093936
A,billing,mobile,0.8924430035162852,1057.1525428891805,0.5190856765866273
A,billing,desktop,0.8920295845601941,1098.4507292312203,0.4413618053828712
A,account,mobile,0.8549004156096622,1084.1010832093764,0.4579919983194172
A,technical,mobile,0.8568549541224526,1324.5287717793915,0.3747016900506073
A,technical,mobile,0.8198697364100154,1335.0597882592594,0.3487065947015262
A,technical,desktop,0.977478837159347,1267.6837978977762,0.40311656748095614
A,technical,mobile,0.8278068382304358,1377.5240500334892,0.40535849576297983
A,billing,desktop,0.8553547401102046,1023.2938698935429,0.3460743629317702
A,technical,mobile,0.8540796367215402,1450.0836167326706,0.39123527350479936
A,account,desktop,0.9347462188472221,1428.4857932568386,0.4199658800859566
A,account,desktop,0.8752525160853987,1310.343299586862,0.41801966975090404
A,technical,mobile,0.9523871036336867,1467.269836315659,0.4252143926692136
A,technical,desktop,0.8563254687878066,951.5065188483339,0.41454823650687217
A,account,mobile,0.9039497081111901,1121.3327795606021,0.3746495670364972
A,account,desktop,0.8482326473370121,1089.704480897707,0.37430496866755786
A,billing,mobile,0.9972574563886695,1308.2218985636014,0.3400524301003062
A,account,mobile,0.8306200790485244,1042.478889059678,0.48923875195925476
A,billing,desktop,0.9054910355113513,1313.6242724006229,0.40067251823096467
A,billing,mobile,0.9216888440466049,1405.580421599507,0.38875734721025745
A,billing,mobile,0.9106899548725749,1304.2804350125998,0.3535603959273771
A,billing,desktop,0.8807356170561146,1242.5626535492252,0.5467828951163889
A,billing,mobile,0.8835089650133287,1051.8189988648876,0.34633359838885525
A,technical,mobile,0.8921905735989555,1072.9723550811952,0.3785576037196964
A,account,desktop,0.8826498999185756,1387.4428357945,0.42079184181430307
A,billing,desktop,0.9381939558397455,1316.9023505858,0.4300106482872139
A,account,mobile,1.0005261500795677,1194.1470720933685,0.44789660276078425
A,account,mobile,0.8621254107496084,1137.3135681351164,0.49038042538846316
A,billing,desktop,0.8215098510210461,896.1288190332934,0.42530788277303566
A,technical,desktop,0.8855858975824372,1039.3721371973343,0.34719846000166665
A,billing,mobile,1.0189854668827159,1486.7128630709585,0.38715274374391095
A,technical,desktop,0.8498162716015135,1007.93166434963,0.4153916186256943
A,account,mobile,0.9719558402722034,1228.4219731831622,0.5034113020752913
A,technical,mobile,0.9738850407038221,1351.1165959792797,0.3301097260787852
A,technical,mobile,0.8623205879146003,1011.7615997996561,0.4601288252612614
A,technical,mobile,0.9184491539592637,1227.7065712171625,0.40899571847732086
A,account,mobile,0.9714198311564269,1340.6873306265982,0.44189152676147403
A,account,desktop,0.8710436129506256,1201.8748982860875,0.3949002641682034
A,technical,desktop,0.8798209819948819,1630.2604583500151,0.3578783684936837
A,technical,desktop,0.8609159543025678,949.7101111682707,0.43754363897006665
A,billing,desktop,0.8392621634653566,1358.8092794825818,0.43272155135528106
A,technical,mobile,0.8575361227466997,1174.0797393905304,0.4486028482869861
A,billing,mobile,0.8288029866618872,1315.7880232255013,0.3993347682310683
A,technical,mobile,0.8917041734129613,1266.196072754887,0.37000889883400756
A,billing,mobile,0.8515013384470679,1090.0265704335004,0.3220606502488079
A,account,desktop,0.9016892955895374,1234.3494588689011,0.44096866340697033
A,technical,mobile,0.8122052176898187,921.314782290257,0.42119447412219935
A,technical,mobile,0.9065440116107228,1290.487125085709,0.35171086835680204
A,technical,desktop,0.9316764480804463,1244.723769898579,0.3730713163351688
A,technical,desktop,0.7903132178714273,1295.7990252964653,0.376662059402428
A,billing,desktop,0.9087028284923786,1358.7177487630724,0.3258507784008791
A,technical,desktop,0.9513834496236646,1255.1429760314566,0.35911588016974333
A,account,mobile,0.8295179490654397,1222.2134129697415,0.3433084821596823
A,account,mobile,0.9736286193418852,1067.8397495008062,0.3793760494056032
A,technical,desktop,0.9109509504683023,1093.1668854526424,0.3630651250835219
A,account,mobile,0.8547494072120796,1378.0101930265996,0.31864975395666256
A,technical,mobile,0.8872115461171147,1415.4503108558968,0.5011295115284741
A,technical,mobile,0.9179163456260861,1164.283434553192,0.46262703655146153
A,account,desktop,0.8938002695706206,1206.900412087991,0.36104902892400076
A,technical,mobile,0.9169377996223185,1064.307843750935,0.41362106983268054
A,account,desktop,0.8439663203460317,1375.9135267901167,0.4208732544910648
A,billing,mobile,0.8984680412018039,1299.8125235537668,0.4595542927386739
A,technical,mobile,0.819314275154751,1491.1826154695623,0.3590697486669961
A,billing,mobile,0.884438696932565,1068.2515384230392,0.4546053391991213
A,account,desktop,0.8448046179267605,1143.2988151472673,0.3726047347896533
A,billing,mobile,0.8532235028705117,1234.7168883788358,0.3332068797915694
A,billing,desktop,0.9518046587605219,1296.9734306588657,0.4362068279657249
A,account,desktop,0.9445655060297135,1167.6498543678551,0.4645379212061214
A,billing,desktop,0.9204569060453589,1069.055836431945,0.5293954486765342
A,billing,mobile,0.8353843617663711,1332.2111293385356,0.34001373674548935
A,account,mobile,0.8741795775152599,1308.1703043818372,0.43494598425403946
A,billing,mobile,0.9506548849989592,1062.5588849154412,0.3795099378103234
A,account,mobile,0.8970858456819952,1403.3164201658244,0.4391679355262016
A,billing,desktop,1.0059664769990848,1375.5298063794905,0.32647552243843747
A,account,desktop,0.9096658919697186,1220.144474587169,0.3368615112150718
A,account,desktop,0.8996024558245016,1211.9396793564053,0.36120625884167584
A,billing,mobile,0.874544176789875,1283.108665667386,0.4039482022834042
A,billing,desktop,0.8966770452391142,1070.7445394615613,0.36794593667308223
A,billing,mobile,0.8823765081809728,1204.5047218746124,0.432952717195671
A,technical,desktop,0.9254054338344295,877.1424683086229,0.45134473091289573
A,technical,mobile,0.9378351158397292,1331.4683468254402,0.4299788770622678
A,technical,mobile,0.8507005269746025,965.7760166337212,0.4809393819830434
A,account,desktop,0.8234383523221112,1425.5129742643499,0.42079133147276715
A,billing,desktop,0.7981897313448352,1150.4819859050324,0.33915516448299166
A,account,desktop,0.9153995663456272,1168.2499527103234,0.46816882567691703
A,technical,desktop,0.8348316696913063,1105.8399140873241,0.3697421882197002
A,billing,mobile,0.7823554703523758,1156.7941689116885,0.44552092498427853
A,account,desktop,0.9094289302265482,1412.7797017722055,0.4786867108277553
A,billing,desktop,1.0146499758716396,826.8287015197382,0.42283440053652
A,account,desktop,0.8896964544230054,1391.5448079132282,0.32519205934176754
A,billing,mobile,0.9319245387225821,1250.7035221652561,0.3540893916745104
A,technical,mobile,0.8940914679273783,1018.9467528214177,0.4661372233442568
A,technical,desktop,0.8850555173404429,1038.7031410426143,0.3915438657178592
A,billing,mobile,0.9359538241493884,1451.4589540812303,0.4039786767471083
A,account,desktop,0.8754862727905675,1058.1739680085902,0.4379412208081805
A,technical,mobile,0.9033696157035952,1026.9974234106062,0.4348161431040162
A,technical,mobile,0.9060848903098007,1370.5971813547094,0.41393999061927306
A,technical,mobile,0.8565954773178476,1250.782931442887,0.3895665814389767
A,billing,mobile,0.9396021174768262,1059.31116351954,0.3843665777133822
A,billing,desktop,0.8812520121652296,1232.4937463106928,0.4428949412645672
A,account,desktop,0.8522127420253578,1046.1370974539584,0.4276784765533897
A,account,desktop,0.9168254921785202,1365.1232097633908,0.38713499996911055
A,account,mobile,0.8450766009104481,1359.20564473097,0.45410561564965707
A,billing,desktop,0.8914090578684565,1279.8009298232914,0.39354829424351084
A,billing,desktop,0.8895440501677898,1254.2491591870526,0.35741689128328036
A,account,desktop,0.9442947782915789,1464.178218730106,0.36205146505483277
A,account,mobile,0.9137349116439977,1199.9529491082337,0.3510629581845117
A,billing,mobile,0.8887486520627428,1022.7188811868798,0.3863794991698157
A,account,mobile,0.9308883149600143,1267.4210869248461,0.4616862139168097
A,technical,desktop,0.9595103774508656,1512.907057430567,0.3597452409484746
A,billing,desktop,0.9178905153175931,1047.7860760221222,0.4094237880509052
A,account,desktop,0.8905176309921691,1145.7805849959022,0.36716553271862934
A,billing,mobile,0.8244081883824921,1262.466905715218,0.38698454793642817
A,technical,mobile,0.8367443168462314,1191.914272649139,0.3244979394007374
A,billing,desktop,0.8747387647822666,1052.654462943403,0.38897308854217316
A,billing,mobile,0.8595243898920358,1368.2786784345706,0.3903147310097519
A,billing,mobile,0.8806514348507277,1548.006108302589,0.4270143972017848
A,billing,mobile,0.8928324962448554,1229.4197188535861,0.41116404566276854
A,technical,mobile,0.9164846377178365,1064.3897565396,0.34008039375239774
A,billing,desktop,0.8864750610970454,967.6559212419787,0.45420991220217716
A,billing,mobile,0.9143250821913101,1238.6963971831772,0.4105151520110998
A,account,mobile,0.893223720740506,1365.5816014974387,0.40991967585887434
A,billing,mobile,0.7912266716823064,1271.2751619743071,0.3995408823307431
A,account,mobile,0.8430332303090623,1199.639423862172,0.374112127638889
A,technical,desktop,0.8827956222139193,1111.6092522316042,0.4108901169874363
A,technical,desktop,0.8295152628579446,1036.1754550922865,0.42377942179642913
A,technical,mobile,0.9199964364998102,1325.2126989487324,0.3126552154327223
A,technical,mobile,0.9665375416171849,1337.0657432078378,0.3730619581326952
A,account,mobile,0.9509380925848658,968.14053199639,0.3872526514798206
A,billing,mobile,0.8793278564534897,1438.4758467271026,0.4128085302847139
A,technical,mobile,0.9645363068424976,1286.1106831341,0.4596655502963563
A,billing,mobile,0.8974333728601056,1409.939196771869,0.3614129592701609
A,account,desktop,0.8731457014440981,998.6808377272328,0.3751019076591079
A,account,mobile,0.859329866822953,995.1263766876841,0.37437329446767253
A,account,desktop,0.8748765156755935,1177.6546035349054,0.35992362049477294
A,technical,desktop,0.8705911590729386,1275.4176640342791,0.3826406752443869
A,billing,mobile,0.8985208111187744,1469.4541234390445,0.4385401109993986
A,billing,desktop,0.8980286990524933,1305.9118370722697,0.34730822523178273
A,billing,desktop,0.8901523010076707,1163.597808478195,0.4213907197576452
A,account,desktop,0.9118469084873175,1046.0446188501162,0.31490488849908327
A,technical,desktop,0.9495323137393171,1384.5000859078725,0.3719331001778897
A,account,desktop,0.9374777067720662,1055.294186137393,0.3835255349891007
A,account,desktop,0.8157551015775049,1444.2702832158482,0.4837429836457033
A,billing,mobile,0.7623039432549022,1157.3423025590237,0.3862598847623656
A,account,desktop,0.9367159955619637,1438.5873108926776,0.28993782632745413
A,billing,desktop,0.821656065079229,1301.8396935088917,0.3000555546569375
A,technical,desktop,0.8787617299053658,1179.4506765836313,0.4017014793173341
A,billing,mobile,0.8314943486970321,1122.090544226081,0.4306885427894955
A,technical,desktop,0.799900978120999,1148.863818398088,0.41877279288136265
A,billing,mobile,0.9170731364102395,1264.2475038562857,0.40837850529004954
A,account,desktop,0.9279577580151324,1211.5734744326576,0.4581129798752834
A,account,mobile,0.861174479963664,1110.9282887896943,0.37302043896314346
A,technical,mobile,0.7604478853927545,1175.155288452355,0.4447455278013413
A,technical,desktop,0.8626877775873759,1211.7865544578724,0.31839925574867917
A,technical,desktop,0.9095902002701274,880.6898858377782,0.3547526083530967
A,billing,mobile,0.8160544215612936,1268.7252172183048,0.3096479302534092
A,billing,desktop,0.8991679959889578,1053.0418162924789,0.3862577349665104
A,technical,mobile,0.8892345075413502,1027.0001395191382,0.3976869391366829
A,account,mobile,0.9189645749800545,946.8983479333934,0.40570507461132604
A,billing,mobile,0.8959790184207077,930.9161253198165,0.4030941676443568
A,billing,mobile,0.8413465529559222,996.6828745331566,0.35362233345941363
A,billing,mobile,0.9498285750832246,1093.6468563554265,0.39048795777933926
A,technical,desktop,0.8820735213486515,1492.9888706289853,0.3251276665697126
A,technical,mobile,0.8886347730245034,1121.1180486157193,0.46816144875661253
A,technical,mobile,0.8433366020463402,1226.6625159402047,0.38481869635509997
A,technical,desktop,0.8678358874404245,1260.0722079759494,0.37555569404781547
A,technical,mobile,0.845759864298655,1219.6597779323772,0.47944701642220416
A,account,desktop,0.8813526970038289,1188.383480891101,0.33788767332253855
A,account,desktop,0.9755854240071172,1020.7059354601133,0.34372064429840155
A,technical,desktop,0.8214049428534322,1417.6391322418817,0.34518898375657175
A,billing,mobile,0.8093219301061629,1471.0794965456828,0.39660643091502595
A,technical,mobile,0.9635585163746805,947.6011958815972,0.4215815814818799
A,account,mobile,0.8795338161424067,1046.395711367043,0.43698377340589173
A,account,desktop,0.8565463630670042,1158.028448643449,0.5285997658747484
A,billing,mobile,0.9419952343698038,1055.3193307634713,0.28752837728996183
A,account,desktop,0.8597192230131568,1275.8948330183798,0.4304367794562209
A,technical,mobile,0.9813004856773468,1090.759169639008,0.3721434713713885
A,billing,desktop,0.9238962935669635,1524.7584101709904,0.37067924255556134
A,technical,mobile,0.8656044295927149,1378.5822891515395,0.36901139358730617
A,technical,mobile,0.9978654106632752,1231.8861045948322,0.3545615164596013
A,billing,mobile,0.8597142538498331,1354.0479394979598,0.4842262417301726
A,technical,desktop,0.9271047686004653,1365.8850636535963,0.4421148663506952
A,account,desktop,0.9049646290203246,1115.4078767912636,0.40115979892786874
A,technical,mobile,0.95508706446994,1077.5674133187053,0.46755078762435004
A,billing,mobile,0.9680755598363426,1211.7214594454472,0.3243735517350562
A,billing,desktop,0.8916002074532884,1329.2454186746916,0.3334647434334537
A,billing,desktop,0.8523291064826908,1220.8590597980126,0.29110161339026563
A,technical,desktop,0.9129986071469558,963.4505276713504,0.36502927299383564
A,billing,mobile,0.8561142315123947,1079.5763334073736,0.4080849263352377
A,billing,desktop,0.9906693623763312,1188.9040704608433,0.40514292889661674
A,technical,mobile,0.8968267665541368,1188.6501593511255,0.40746709555299404
A,account,desktop,0.8717339224343946,1495.8813265184713,0.3294471584466959
A,technical,mobile,0.8992340152932454,992.1018086401502,0.4401577371307011
A,billing,desktop,0.8226436855235152,1275.8383862753813,0.41198137591194994
A,billing,desktop,0.8414192980744675,1423.3669662492434,0.4366527140733
A,technical,desktop,0.9500206953972212,1540.7174618134195,0.30536189112049744
A,account,desktop,0.8571552860514302,1139.3403865224059,0.4155745429398895
A,billing,desktop,0.8376544508659031,1273.7144179080299,0.3406117380041237
A,billing,mobile,0.9168326376263644,1285.464053579797,0.38013383737243195
A,billing,desktop,0.9492852077331498,1229.3222597329936,0.4267182449318192
A,technical,desktop,0.9259476655332534,1185.1732198141042,0.4045546803127957
A,billing,desktop,0.9398023842902908,1265.396308425007,0.3574230010110341
A,account,mobile,0.8521602455715269,820.1630872170472,0.40031365780922096
B,billing,desktop,0.87502093815362,1482.7163651171704,0.6434197040262838
B,billing,mobile,0.9814866208939587,1442.2585667384878,0.6745160690370673
B,account,desktop,0.9805698277245796,1581.1362777841484,0.614981014207654
B,billing,desktop,0.882586835562369,1631.425375078685,0.6645591906098238
B,technical,mobile,0.9809388821877429,1399.7482207729797,0.6851588838406809
B,technical,desktop,1.0168965959206275,1490.8386492971435,0.6421352122036499
B,technical,mobile,0.8838727596877792,1341.233904953752,0.5056999612726003
B,account,mobile,0.8941248589492867,1125.290847376059,0.6765176717064717
B,billing,desktop,0.9908830733421751,1530.0689447120594,0.6791649181884366
B,technical,mobile,0.9535747655412824,1591.3358034381947,0.595586121892164
B,account,desktop,0.9675738137619762,1539.310021363009,0.5472490371141989
B,billing,desktop,0.9570294608200248,1207.565742336845,0.7680703320403173
B,account,mobile,0.9595347960464071,1447.3725854885288,0.6893156408715522
B,technical,mobile,0.8736763935844458,1167.2478359923377,0.6316735175262632
B,technical,mobile,0.9923658853310724,1705.4551661481278,0.559037369348201
B,technical,mobile,0.9984794996213886,1337.0918126822871,0.5842548137262924
B,account,desktop,0.9285304627965986,1688.3105414189845,0.7542072317428985
B,account,desktop,0.9378261525093068,1641.8804465526218,0.6610129552694437
B,technical,mobile,0.8634446248722139,1364.9114471195908,0.6059530346399435
B,account,desktop,0.9657127378008917,1330.0822573098383,0.6907751384979726
B,technical,desktop,0.9686028720857072,1552.5555324579507,0.5848481450042942
B,technical,desktop,0.9368904491500344,1373.3513944225394,0.7700674424224303
B,billing,desktop,0.9962176679935251,1515.3726963237311,0.758224042791738
B,account,mobile,0.9232961384510029,1427.5758613789621,0.6126740743037778
B,technical,mobile,0.9682302962946799,1232.826237830155,0.5997063802375312
B,technical,desktop,0.8890167830653941,1165.4297971313313,0.44054934410461766
B,account,mobile,0.9388223924562881,1534.0026372741895,0.5314735382758906
B,billing,mobile,0.9312822871048582,1415.7663380504061,0.5428424180033795
B,billing,mobile,0.9512653961020471,1417.0365274628803,0.6608152272789909
B,technical,desktop,0.921523653558332,1604.3795758640679,0.6239013036446912
B,account,desktop,0.9334263702164165,1676.0163414948668,0.5423731610067807
B,billing,desktop,0.9813023585720753,1459.1182917957285,0.6275068766028354
B,account,mobile,0.918161788138089,1448.9101939635207,0.6904269718117879
B,account,desktop,0.859671144963066,1575.0214549670825,0.692227147993247
B,technical,desktop,1.027479195210271,1296.4596645450638,0.49802637753128953
B,billing,mobile,1.0090727039345242,1533.4729582121545,0.6397389215612935
B,technical,desktop,0.875386865244719,1582.7828957733232,0.5393327378422712
B,billing,desktop,0.9744853902622597,1602.0345312626444,0.7221382957712219
B,billing,mobile,0.9148512614724328,1209.4870946246303,0.7127317133082799
B,billing,mobile,0.9531743607665529,1385.796709528659,0.5781578218940433
B,billing,mobile,0.9547112064506746,1368.26051207648,0.588716383807968
B,billing,desktop,0.9282796099841838,1514.983043161382,0.6130986359601355
B,account,desktop,0.9008117167206802,1572.1116869651976,0.46977652842149287
B,technical,desktop,0.9054729473841869,1724.5065611168973,0.6768774538752461
B,account,mobile,0.8941904042259379,1425.755177944789,0.6281724362927895
B,billing,mobile,0.8984088895884778,1425.3641252536179,0.7276140066054287
B,technical,desktop,0.9366410854975322,1672.450802831812,0.5621272625629958
B,billing,desktop,0.9042120005444624,1544.4865407795457,0.6004701641400055
B,technical,mobile,0.9741026032856309,1690.147726678196,0.5294779793568708
B,account,mobile,1.0143623077667963,1543.3092004514754,0.5696567549204598
B,technical,mobile,0.9109973379314978,1326.4325071930093,0.5554414403145425
B,technical,mobile,0.9519702250267688,1300.030746783329,0.7296778943077157
B,technical,desktop,0.9649842555151467,1267.2731626411605,0.5941390520998886
B,technical,mobile,0.9636001135459636,1599.307775213771,0.6599340547795691
B,technical,desktop,0.9437977633958043,1678.2895234630512,0.6195389276910557
B,billing,desktop,0.977134120917986,1777.404321207957,0.548442778718975
B,technical,desktop,0.9641124476340328,1626.465799848486,0.6365359661462686
B,technical,mobile,0.8781168788836351,1674.4257866302478,0.6979282665490876
B,account,mobile,0.9834578032194636,1412.9975501019474,0.5533792485965319
B,technical,mobile,0.9843645418633371,1326.5376274884215,0.7147290232585103
B,account,mobile,0.9018356947910708,1627.511899862633,0.5820223262817843
B,billing,desktop,0.94189689177238,1562.6521128359102,0.6113612859141727
B,technical,mobile,0.9741664496405534,1516.1166561511338,0.6924546498408038
B,account,mobile,0.9295343090210318,1558.1057220949485,0.596925107422441
B,account,desktop,0.9936489023883005,1548.4778223687308,0.6530059887468693
B,billing,mobile,1.058193624730968,1692.5725289780341,0.6248247336969526
B,technical,desktop,0.9007006983682508,1694.2478377225434,0.6603494405363055
B,technical,desktop,0.8709477698423111,1581.633052851052,0.45954087155812023
B,account,desktop,0.9551909297802438,1626.8704308844392,0.5036254547833534
B,technical,desktop,0.9760781252563071,1577.1093828637163,0.6992773604837471
B,account,desktop,0.9284566813077615,1430.8245401948072,0.732974512451924
B,technical,desktop,1.0126630331660516,1613.484701236971,0.5771610637174783
B,account,desktop,0.8730697100138375,1290.8257396711108,0.6304777318263093
B,technical,desktop,0.9746459311515805,1658.0837328443824,0.6735775402321842
B,billing,mobile,0.9097069589620552,1320.8215590350947,0.7054574081326963
B,technical,mobile,1.0259688953103647,1542.87049301921,0.48778581826633216
B,technical,mobile,1.0396257676584058,1373.226906236076,0.5791167802417299
B,billing,mobile,0.9016671706108326,1583.008347461164,0.62339364961201
B,technical,desktop,0.9125221432045709,1494.9112161108137,0.706251215778884
B,billing,mobile,0.9829793943489901,1260.7866062755002,0.8498744386977196
B,technical,desktop,0.9206434675105242,1563.1049446527718,0.6317595418552225
B,account,mobile,0.937729439103388,1413.3118834750935,0.5374418030316809
B,account,mobile,0.9412694210271204,1632.1720081220053,0.6821814461761039
B,technical,mobile,0.8440163421901171,1500.198853310161,0.7556796631632569
B,technical,desktop,0.9393081126952881,1559.3131478082057,0.6586411296783601
B,technical,mobile,0.9055136112967912,1356.3646567477183,0.5774681163876566
B,account,desktop,0.9153438588800114,1411.6001652858956,0.7266395153184015
B,technical,desktop,1.0121816001734407,1431.2042045848373,0.7030836494798748
B,account,mobile,0.8771746552860371,1628.5053720363833,0.5679135324643501
B,billing,mobile,0.9806602593373988,1751.6065631708234,0.6805140494027474
B,account,mobile,0.9260518534834096,1379.2242372385685,0.7297812454127098
B,account,desktop,0.9260119915752082,1661.527221698652,0.7445512034047115
B,billing,mobile,0.9795185948025855,1174.5483873411447,0.6446840819752435
B,account,desktop,0.9570025647284445,1320.8715898361565,0.6213536443056545
B,technical,desktop,0.9685306498609765,1356.1832315719837,0.748181905766501
B,technical,mobile,0.988409233026643,1297.1236965838916,0.5531871597615292
B,account,mobile,0.9234345808408339,1262.461741531863,0.6850863432736805
B,technical,desktop,0.9093881632746125,1561.9498368206696,0.5403978698108457
B,account,desktop,0.88574247367211,1467.8898453408208,0.7352301017807682
B,technical,desktop,0.8987294735010521,1556.9108096407665,0.6293563587511071
B,technical,mobile,1.0874547212654362,1603.570902918227,0.7514866588517976
B,account,desktop,1.0022339790368393,1539.84254897588,0.6893130205084422
B,technical,mobile,0.8724462816895989,1598.6644764225562,0.5521423815950456
B,account,desktop,0.8738771021628214,1489.5701570636595,0.7639702185661795
B,technical,desktop,0.9640933030859246,1321.9509917541384,0.7740996213142184
B,technical,mobile,0.9673632398688983,1658.6721271231195,0.7205829194079373
B,billing,desktop,0.9674441917658682,1411.633180082831,0.5890729707971024
B,billing,mobile,0.9272522103223151,1359.6605551856362,0.6255188836514073
B,account,mobile,0.933727286999855,1473.3123186293403,0.6616341773924608
B,billing,desktop,0.9563939762079678,1363.078362105523,0.5937031680534853
B,account,mobile,0.9442946503146664,1437.3854427015851,0.7853877257970564
B,billing,mobile,0.8290349813626232,1551.60808823452,0.6615461177380829
B,technical,desktop,0.9285100184712403,1552.251260886919,0.4337321562314115
B,account,mobile,0.8974296782869843,1365.3254900361555,0.6771484650204976
B,account,mobile,0.9487605709454255,1426.8441940576884,0.622147408254615
B,technical,mobile,1.0892629501301705,1661.1499507155365,0.6440058755105242
B,account,desktop,0.9583740832737152,1574.4600176600911,0.6205104507371441
B,account,mobile,0.92432351569138,1811.2597559022813,0.714563713328535
B,billing,desktop,0.9860900750988626,1677.0192260612291,0.7395750222842705
B,account,desktop,0.9641343943604606,1671.643960283991,0.6726442529806923
B,technical,mobile,0.961004724522592,1291.8197174316297,0.6228551050289473
B,billing,mobile,0.9703425296607835,1614.5790527450133,0.6466930236152664
B,billing,mobile,1.042827178241477,1492.0339797454635,0.6515679693262103
B,technical,desktop,0.8834555782337041,1417.3527294692626,0.5858055968108131
B,technical,mobile,0.9636816038405727,1525.2023010798794,0.6963142918856988
B,billing,mobile,0.893680943500923,1641.7817301917225,0.6868033859088373
B,account,mobile,0.9677756323171124,1575.1247386506318,0.7732352991821339
B,billing,mobile,0.8940656744256952,1368.228929798691,0.7504279824230781
B,technical,mobile,0.9191316593197457,1611.3688370388932,0.5951460065927896
B,billing,desktop,0.9252455042881046,1404.3618686886055,0.7156238699607171
B,technical,desktop,0.9887908359672354,1532.502467844643,0.5739237293524423
B,billing,mobile,0.9859227221971206,1454.4974898784299,0.705674568075268
B,account,mobile,0.8777141311776807,1467.170062239656,0.6086708640991914
B,billing,mobile,0.9427467055499924,1614.9364462560764,0.5681397421299532
B,billing,mobile,0.9045210072625414,1343.9709420276154,0.6724036274157924
B,technical,desktop,0.8770747544662332,1791.77926114154,0.43603462974766877
B,technical,mobile,0.9291491474787814,1226.8370896058254,0.5099219540475818
B,technical,desktop,0.924575860577209,1410.3498475117715,0.6358006492980574
B,billing,desktop,1.0613358243172761,1555.5317834912612,0.6565953413307875
B,account,mobile,0.9616479912680348,1587.6471249652964,0.6204544983873449
B,technical,desktop,0.871119124962288,1484.9286419142443,0.5236450961025921
B,technical,desktop,0.9117612997914528,1491.3913945497686,0.5845686526289195
B,billing,desktop,0.9910691647714699,1561.5825127991425,0.6812967461789915
B,technical,desktop,1.0444221386434962,1465.339578381348,0.6965425416502691
B,account,mobile,0.860700834388102,1708.9771886902358,0.6487021505923247
B,account,mobile,0.8460037807430477,1625.9023671347404,0.7425467024829592
B,technical,desktop,1.0335482587685891,1630.9236526508453,0.6817917618767387
B,technical,mobile,0.9594807088685451,1355.0764914944375,0.590203547683343
B,billing,mobile,0.8965853634061817,1488.0917363391445,0.6275598357270706
B,account,mobile,0.9667314543061217,1454.9301076918944,0.5377707074233716
B,account,mobile,0.808212613049156,1349.15979364658,0.6413488807686867
B,technical,mobile,0.940168775329858,1554.024627591865,0.7389680495377071
B,billing,desktop,0.9563910586421542,1419.3531363330276,0.7048232067768775
B,account,mobile,0.9862135069768915,1598.3105744775355,0.7621607460735298
B,account,mobile,0.889305202385373,1339.4712655658502,0.6257691804960805
B,billing,mobile,0.9442843580701679,1757.8560919262732,0.7576879835611406
B,billing,mobile,0.8937287686970206,1365.5501012111908,0.6345356618841624
B,account,desktop,0.9527691877837158,1532.8953505800655,0.7677268066055916
B,account,desktop,0.8952326838818487,1618.7788965582101,0.6482514602046301
B,billing,desktop,0.9195949580419889,1414.403935469983,0.7065785099043421
B,account,desktop,0.8902092302604885,1627.8702965149425,0.7680089891447884
B,technical,mobile,0.9725568120911828,1315.6224603299377,0.6345257897135036
B,technical,desktop,0.9829225558328332,1717.817654877384,0.667471119003534
B,billing,mobile,0.9282689715021293,1502.1223897448638,0.7531090740165042
B,billing,mobile,0.9419118997480014,1410.5382888046681,0.6393597468855949
B,billing,mobile,0.8675704292683227,1455.122734135885,0.5443286173995071
B,technical,mobile,0.9250161675996605,1621.337890408908,0.8214405643667928
B,account,mobile,0.9374897691479127,1412.3317062224341,0.612418842853029
B,technical,desktop,1.0710396545514986,1387.5963465865834,0.6627004840750035
B,account,desktop,0.8844016487112918,1466.7695103624392,0.7424805335560902
B,technical,desktop,1.0132088619376218,1323.4556830845047,0.6013204877015039
B,account,desktop,0.9898429386732903,1773.0815861912724,0.5693705669422297
B,technical,mobile,0.9540318202245067,1415.0408113177914,0.6702989837419867
B,billing,desktop,1.0279310242097566,1624.7425179270606,0.5065538881670089
B,technical,mobile,0.9586052736303431,1531.4205125471658,0.6269675138505664
B,account,desktop,0.9594579597833964,1352.3198924277049,0.6696030931452325
B,technical,mobile,0.9373439673491227,1499.1067936180907,0.6284038482539869
B,technical,mobile,1.0011784441209313,1617.6004168966122,0.5265239245451403
B,technical,desktop,0.9948234616905441,1471.760799737054,0.777534236496321
B,billing,mobile,0.9087161356251894,1678.966941877654,0.6582830523159341
B,technical,mobile,0.8740376402700616,1653.2273089172795,0.7644921694209393
B,billing,desktop,0.9298509681302171,1637.8372281987495,0.6291970999855644
B,billing,mobile,0.8999980717801176,1431.0514841590505,0.579599041464739
B,technical,desktop,0.9368237712692322,1338.023632832777,0.6715344736204129
B,technical,desktop,1.001871906734207,1407.961859195581,0.6327370298937425
B,technical,desktop,0.9171349172456604,1529.4361411000082,0.5557790833606914
B,account,mobile,0.9378588309344212,1581.8680070298533,0.7675827407029997
B,technical,mobile,0.9429011367404198,1174.2642892859328,0.6002183821684803
B,billing,mobile,0.9824215441102642,1498.7830197582375,0.5027786892163546
B,technical,desktop,0.8276555333007697,1523.7133837984777,0.7562532843165867
B,account,mobile,0.9096649852617351,1458.3683615526672,0.6096561587349901
B,technical,desktop,0.9505641846139736,1693.6910758523818,0.60137408859075
B,account,desktop,1.000003947821343,1563.2670111376306,0.508768993037602
B,account,mobile,0.9154048776246897,1696.5287862121345,0.7892753189277593
B,technical,desktop,0.8461723646979062,1467.6059219474653,0.546841553023225
B,billing,mobile,0.9709855722983067,1640.6216238760387,0.654675958456452
B,account,mobile,0.9082318805587185,1745.259959179128,0.7230096258032352
B,technical,mobile,0.8805166670454819,1696.7540173908992,0.6837373546402478
B,technical,mobile,0.9087827305143388,1336.1787609856901,0.6452276550406247
B,billing,mobile,0.9307737321172075,1461.948588368643,0.5138667313370067
B,account,desktop,0.9097627667730893,1448.2252941825304,0.5852220131386173
B,account,desktop,0.8297216971450465,1573.3881802614492,0.6650240270434018
B,technical,desktop,0.9848533098443566,1602.95303325218,0.5870260744010403
B,technical,mobile,1.003743752063936,1374.1660988961396,0.6662687567999015
B,billing,mobile,0.9725760995669752,1510.1757770875406,0.7045394727052113
B,billing,mobile,0.8831157164787591,1197.0109001765795,0.7270002308640081
B,account,desktop,0.9299254233026241,1716.2917508702835,0.5519056513749854
B,account,mobile,0.9396739342385271,1423.143863898496,0.8257316843983163
B,technical,desktop,0.9699397194780954,1508.3795909766745,0.7113983475643305
B,account,desktop,0.9734170244359039,1453.5525429017907,0.649862867706475
B,billing,mobile,0.9032913100610751,1671.9041362520122,0.7371629266461313
B,billing,mobile,0.944099777820678,1074.3740337903932,0.8392326217599979
B,technical,desktop,0.962864020230762,1497.5084486511137,0.5349023919154504
B,billing,mobile,1.0127911161073382,1484.1271863753452,0.6319789886006917
B,billing,desktop,0.9752253269912361,1431.9545418612477,0.45972546721013374
B,billing,mobile,0.9794528343687758,1758.933981845345,0.665412122611842
B,billing,mobile,0.944191331396468,1366.9005811716343,0.6792315393540113
B,technical,desktop,1.010522957260175,1615.7694265853493,0.6468670307645793
B,technical,mobile,0.9604881397979748,1553.4379183059125,0.5976373143201352
B,account,desktop,0.8969456044913214,1689.2278878803274,0.48603883870493403
B,billing,mobile,1.0101684985062596,1399.9216372833741,0.6798826946729415
B,account,desktop,0.9748951636269513,1390.0546651314362,0.7664347587132261
B,technical,desktop,0.9178477989435758,1664.4104861216097,0.6027185235413255
B,technical,mobile,0.9160253516300377,1563.7981962495166,0.6852047943218517
B,technical,desktop,0.9548287772570381,1268.2593979984863,0.524548454926396
B,technical,mobile,0.9631592397633791,1419.1042478305094,0.6865770450954012
B,technical,mobile,0.9498646132815602,1557.957398077209,0.6185294161804274
B,technical,mobile,0.9555654336721442,1625.6646332319883,0.5890065639517669
B,technical,desktop,1.024997868728819,1398.1154020210568,0.5891709087027096
B,billing,desktop,0.9935771576117443,1062.8616015274588,0.6185110734373592
B,account,mobile,0.9495317795632512,1578.483477860555,0.6805946652554029
B,technical,mobile,0.9870655290383741,1316.9518965084037,0.5450269439043586
B,billing,desktop,0.8883738048236229,1197.3991802816383,0.6182307734745718
B,billing,mobile,0.9598963524973404,1075.151111252379,0.6466822577600682
B,account,mobile,1.0304653174866554,1622.0971290296611,0.5620768620374513
B,technical,desktop,0.9290977052303813,1519.292617560745,0.7937332161340014
B,account,mobile,0.8976183035690457,1466.1515428931623,0.5817203615950927
B,technical,desktop,0.9073955555703469,1708.3536544444141,0.5964450469093208
B,billing,mobile,0.8855183481328806,1595.5987024534609,0.5717353640142002
B,billing,desktop,0.9007619045936148,1742.4450064082876,0.7938784069710494
B,billing,mobile,0.9214745950704984,1291.0896791749506,0.6942324182879586
B,billing,mobile,0.8697216490410679,1494.8174064069055,0.5750726395005087
B,account,desktop,0.9407809166974801,1257.4929937577979,0.7384985247087975
B,technical,mobile,0.9851138586893323,1465.5926502216798,0.6660558955431103
B,technical,desktop,0.8946121909926539,1462.7076219349983,0.6705802736889201
B,account,mobile,1.0159641961820884,1593.9920455894605,0.6224418232998038
B,technical,desktop,0.9655396044263796,1506.8345821712846,0.5900467210434421
B,billing,desktop,0.9915290292812028,1593.5110707419874,0.6770212879243681
B,technical,desktop,0.9071082723073931,1605.5160199708341,0.6063930216003528
B,billing,desktop,0.9827262613533307,1823.2393016074714,0.7953404503660084
B,account,mobile,0.8854033049802343,1452.7055017070813,0.5484567115805516
B,technical,mobile,0.9845123750418254,1358.846594900043,0.7728925418283956
B,account,desktop,0.9485919669896765,1536.9125422974614,0.641094492096176
B,technical,desktop,0.9676625609992391,1379.6579959290684,0.6739268587216884
B,billing,desktop,0.8812202697187573,1722.2941152654803,0.7166526213303548
B,account,mobile,0.8952465078861697,1457.517294158215,0.5995800563996452
B,technical,mobile,0.9698614109126692,1415.1635448189015,0.7191398707758909
B,billing,mobile,0.89258259978879,1429.3026418273323,0.4333964915695058
B,account,mobile,0.9631603146049561,1607.762613520746,0.5924008373422449
B,account,desktop,0.8716431096769877,1476.3379525152773,0.5760749754127148
B,technical,desktop,0.9824087106333333,1403.7499769804426,0.5497195190102591
B,technical,desktop,0.8783738342615744,1749.8027876435297,0.6328036129536839
B,technical,mobile,0.9676149968839761,1371.5745239007374,0.6808599974545356
B,billing,mobile,0.9712815466822999,1505.334911104949,0.7062127998799445
B,technical,mobile,0.9051614090785212,1597.8459227415347,0.6692701405760326
B,account,desktop,0.9691013283542362,1255.299733437439,0.5967445228085163
B,account,desktop,0.9530221131666777,1572.0390752108888,0.6795213150260134
B,technical,mobile,0.9130579071903631,1341.7338486779327,0.6599428555880681
B,technical,desktop,0.8895722657961895,1623.4174171251004,0.7248844934348813
B,account,mobile,0.841868715416371,1355.6023482121536,0.7121549362345213
B,billing,mobile,0.9574825023649847,1603.915354777329,0.6524381131136503
B,technical,desktop,0.8617598614318972,1665.874959944207,0.5782197595070995
B,technical,mobile,0.9447672099720653,1629.2154788449207,0.5977639875334335
B,account,desktop,0.9268275891958875,1537.6974972357154,0.6060168512289573
B,technical,mobile,0.9739571387719097,1465.3048585605452,0.6247786932866995
B,billing,desktop,0.9248977250255067,1413.5370635497734,0.6714440342071802
B,account,desktop,0.9235276106826453,1720.6552036225655,0.7072139512102447
B,technical,desktop,0.9765935352144147,1395.0757169748535,0.6459105045587699
B,account,mobile,0.9567529014542058,1344.4400889645005,0.6512899830320378
B,technical,mobile,0.9558077978591388,1599.8053402549244,0.6614645044000003
B,technical,desktop,0.9634633794904263,1380.5794795220256,0.6087275749494128
B,technical,desktop,0.8632213938396447,1357.4904753800809,0.5759686193885636
B,billing,mobile,0.977839433999349,1283.4593606745352,0.5095649682151432
B,billing,mobile,0.9706234397006801,1427.5635240809224,0.5943880513538502
B,account,mobile,0.8891658435711751,1487.592746415526,0.687851636261423
B,technical,desktop,0.9277959763162898,1536.4637591491048,0.5937670849568346
B,technical,mobile,0.9380346356186184,1642.6959366449225,0.6309754370059248
B,billing,mobile,0.9332751607799133,1579.034688549869,0.6873145029929854
B,technical,desktop,0.9566929983284267,1471.369167067023,0.6916551597138135
B,billing,mobile,1.011568339091559,1470.270648543042,0.5636373718267169
B,technical,mobile,0.9940883363836414,1576.5236203372774,0.7297647485162914
B,account,mobile,0.8743890403284297,1690.8855244392855,0.7401880071484388
B,technical,desktop,0.9711034995153024,1518.94712992248,0.5596120114225153
B,technical,desktop,1.0064466659767703,1429.6303718684387,0.5840930504287077
B,billing,desktop,0.9593404260344601,1351.070099837168,0.7452872546516953
B,technical,desktop,0.9945490212592983,1283.2192103381662,0.6382517182995759
B,technical,desktop,1.0406135222850381,1599.9404508065286,0.47241776420385195
B,billing,desktop,0.991185477305349,1586.6967785459335,0.5380254796213851
B,account,desktop,0.9524654297820864,1586.6045287659992,0.6300504299862015
B,account,mobile,0.9922544237042377,1480.7010830471916,0.5569565879772319
B,billing,mobile,0.9472443916548445,1711.0402118837626,0.6169260983490847
B,billing,desktop,0.9411951521642478,1427.3822258122773,0.6525916970946863
B,billing,mobile,0.9224292882143134,1643.2903855810807,0.7669803683227783
B,billing,mobile,1.0181706679416054,1494.1885657515686,0.6267636867017768
B,billing,desktop,0.8990785667028999,1408.7473852980993,0.7358033439658207
B,account,mobile,1.0166183862339058,1588.8795460976642,0.7643008129629416
B,account,mobile,0.9649932061870186,1561.445417802599,0.7647447735481661
B,billing,mobile,0.8700346912599028,1553.545913890039,0.6727803674708455
B,technical,mobile,0.958382464649571,1512.19176330843,0.49293686817288207
B,billing,mobile,0.8349986746174187,1494.3160377424754,0.6868659892323092
B,technical,desktop,0.9712754008415517,1858.2557989305658,0.7338719910250833
B,billing,desktop,0.9842615741494495,1677.6384967794259,0.6435146315651666
B,billing,desktop,0.9103822022173973,1608.4240342478267,0.7895667096060199
B,account,mobile,0.946177384797779,1516.7698737305082,0.7187866849173966
B,technical,desktop,1.0377078716875143,1651.0735800895004,0.6954618701722227
B,technical,mobile,0.9147126647869032,1577.6992164587177,0.7369104568964671
B,account,mobile,0.8870546206471699,1503.9307129161054,0.6766695881008703
B,account,mobile,1.0140831701231299,1454.4653512101127,0.4505751600483717
B,account,mobile,1.0381293595265397,1487.8623993505967,0.6100688838823708
B,account,desktop,0.9401847835923923,1024.4361396182917,0.7457734421798283
B,technical,desktop,0.9905731517704177,1531.5901258946462,0.5853926927921363
B,technical,mobile,1.007073795776544,1426.728587983446,0.6321221995810449
B,billing,desktop,0.9028757883730807,1738.9004997424327,0.5664130948877544
B,billing,mobile,0.9157347082316065,1502.9016106217632,0.7927138076161415
B,account,desktop,1.0015437256577366,1321.6554870697557,0.7845193965934413
B,account,desktop,1.0242507139354253,1492.5179768807823,0.5792904883887416
B,account,mobile,0.9681440430087177,1343.0818372406243,0.6617838400311268
B,billing,desktop,0.8960092823248972,1571.01111235687,0.5955604761788762
B,billing,mobile,1.039353055584972,1543.6421046509229,0.6991955711225103
B,billing,desktop,0.9134514551094017,1643.6759446662402,0.6907746461793863
B,billing,mobile,0.9232431109414274,1381.367731245815,0.7149364457290612
B,billing,mobile,0.957116891724481,1505.1012144342221,0.6765534758166311
B,billing,desktop,1.0177080210357388,1295.2467306860046,0.8848324965110774
B,billing,desktop,0.9826987988276111,1605.2242172887072,0.5677660987991409
B,account,mobile,0.9607432750180954,1577.8306770660183,0.5131517316450789
B,account,desktop,0.9631644265059053,1574.3707531541356,0.6185527839438831
B,account,desktop,0.9421757334321732,1500.242854703541,0.5245609387551786
B,account,mobile,0.9679069757259252,1562.2159336183186,0.5306030183995206
B,billing,mobile,0.8135219961152848,1740.6508662462895,0.5698948276641627
B,technical,desktop,0.9251696270465101,1457.235861443698,0.5762248875654699
B,billing,mobile,0.952066096745839,1520.7967775565128,0.5736305518439953
B,technical,mobile,0.8824492958190246,1337.0810551227885,0.691457516035633
B,account,mobile,0.959316165890578,1369.7608557602503,0.6095048751131731
B,billing,desktop,0.9297764389506938,1514.671993963996,0.6356388340102016
B,account,desktop,1.0277737849157744,1665.590032005286,0.7215386219600748
B,billing,mobile,1.0186509862607427,1461.557876362264,0.5886941980174859
B,account,desktop,0.9167097215440918,1464.6125206031813,0.6288363281036222
B,technical,mobile,0.9324581144216652,1438.967213324344,0.6792607988874333
B,technical,desktop,0.9363026217195803,1419.7864993733515,0.49467457595038233
B,technical,mobile,0.9174170261920188,1544.2457183563233,0.4592075592839534
B,billing,mobile,0.9497512492014063,1275.4113532232034,0.6776893863038178
B,technical,desktop,0.9020858965556204,1692.140936500009,0.6893611424453518
B,billing,mobile,0.8834692332531237,1400.186655280581,0.8151376107881929
B,technical,desktop,0.9711355611950134,1608.2855228157212,0.6626475900693448
B,technical,desktop,0.9714764792110905,1309.5002103909187,0.7155791773806476
B,billing,mobile,0.8997842120170003,1600.3260195819328,0.6343621885131221
B,billing,mobile,0.9847677715381299,1600.7916911721745,0.6737781777268069
B,technical,desktop,0.9084211135417334,1557.6303108008844,0.7833805473399628
B,billing,mobile,0.9526582619018991,1350.835721730031,0.4800805745499492
B,technical,mobile,0.9810172006306228,1537.4322284397115,0.6830893006057345
B,billing,mobile,0.9383193717648143,1322.5415722898417,0.8208469384061893
B,account,mobile,0.9627370456070566,1462.0855117355723,0.6725627375367474
B,account,mobile,0.9141785178056213,1654.4119651432989,0.7820458370586278
B,account,desktop,0.9301766708285951,1619.5052890606114,0.5996630280376446
B,account,desktop,0.929707028455983,1502.277441381065,0.647436200466903
B,account,mobile,0.902671082672988,1353.7790136115736,0.652681976191087
B,technical,mobile,0.9311612918442108,1596.838156826129,0.47259271365129835
B,account,mobile,0.8625690850568126,1502.9071856547039,0.556545773771984
B,account,desktop,0.9154423126428947,1151.9526602654364,0.5622499936492811
B,account,mobile,0.9257562253315164,1617.3944739474778,0.7157652862426023
B,account,desktop,0.9271910123752309,1496.3650749195463,0.7197722484547244
B,billing,desktop,0.927925127706461,1680.3676871974608,0.6759229154165227
B,technical,desktop,0.9369117900069935,1335.7094221735792,0.7159282317484565
B,account,mobile,0.9639720759043031,1023.4944280205999,0.6368680469822581
B,account,desktop,0.983725853706626,1541.8625787517778,0.7461545335631635
B,account,mobile,0.9075117386575866,1543.734551502296,0.6507030754105658
B,technical,desktop,0.8798399572305428,1246.399255859032,0.6546291237941405
B,billing,mobile,0.8878977793878448,1353.225068120009,0.6287525893390071
B,technical,desktop,0.9156398539402536,1913.2826615579852,0.7047560382109143
B,billing,mobile,0.9224039341091745,1454.1584078769295,0.6163040946709669
B,account,desktop,0.901500196690127,1609.6438464564324,0.7281145101758455
B,account,mobile,0.8751941667875052,1402.4010258947424,0.5594280687427194
B,technical,mobile,0.9171939586262905,1186.4545651720264,0.5620866996217445
B,technical,mobile,0.9490713310056985,1474.4612629806143,0.7049941404101203
B,billing,mobile,0.9697514732917781,1460.1593159570841,0.642916462833359
B,billing,desktop,0.9121288473445839,1440.0182641997442,0.6136886867077498
B,technical,desktop,0.9193501088928282,1482.803874674041,0.7212046185980368
B,billing,mobile,0.8936650845576344,1539.6402407468454,0.6014190868731133
B,technical,desktop,0.9384280414812611,1477.482457311929,0.6339838996559705
B,billing,mobile,0.8975785682904592,1310.3990748078954,0.7619382360056928
B,technical,mobile,0.96865639066206,1572.927718734291,0.773131387664852
B,technical,desktop,0.8507066754032944,1207.5942367016364,0.7757918568216262
B,technical,mobile,0.9220185163773769,1192.44638140737,0.6274299378452871
B,billing,mobile,0.955055366959587,1610.8770742052352,0.7484562323987576
B,billing,desktop,0.9491917258161252,1576.0530408203035,0.5740837737785057
B,billing,mobile,1.0746516831990247,1491.3906952388945,0.5774477700222351
B,technical,mobile,0.9574900012283953,1290.6827242867391,0.4619635317900511
B,billing,mobile,0.8897972701578994,1393.8133588988887,0.7838294561518824
B,billing,mobile,0.9352267876455463,1460.5879878470244,0.5808816120739138
B,technical,desktop,0.8511876833266774,1260.615904713883,0.6398773936202352
B,account,desktop,0.9359700125351619,1389.145701296515,0.5771740526457373
B,technical,desktop,0.898347197149962,1597.849550726502,0.7056132198664112
B,billing,mobile,0.985769513778008,1714.0958046433825,0.6199493071426128
B,technical,mobile,0.9125229862702232,1437.0847871012174,0.545614648765364
B,account,desktop,0.9341617042102376,1613.4732531474147,0.6853330051348849
B,technical,mobile,0.9082221079297798,1212.89098941188,0.5353015980151817
B,billing,mobile,1.0269425675926664,1598.9176861670417,0.5830075419747607
B,account,mobile,0.9239378616941044,1379.407737790878,0.48144887082991356
B,billing,mobile,1.0316278521739601,1546.1018425061955,0.5360833510241915
B,account,desktop,0.9807075881059133,1462.8371372640436,0.6642823335776382
B,account,desktop,0.9641033363667693,1698.062101467575,0.492837116951766
B,technical,desktop,0.9584366573658759,1368.8346527490123,0.5315083420302628
B,technical,mobile,0.9596898649108125,1594.1409446342745,0.6498104867093754
B,billing,desktop,0.8436163710327195,1458.07388050552,0.6065114483125558
B,technical,desktop,0.9260558302924621,1476.2541782985504,0.8093629308767447
B,technical,mobile,0.9822578985592161,1472.4219160261187,0.7967117236819501
B,account,mobile,0.9375551408262947,1373.1490343258831,0.5805662029799077
B,technical,desktop,0.8697405076598212,1497.8851551139992,0.6945710094722786
B,account,desktop,0.9373797774711264,1490.6027666817267,0.7099426045503561
B,account,desktop,1.0252052758127745,1536.1860372610095,0.6022016913580478
B,account,desktop,1.002344585776736,1512.6757718539293,0.5303566770801437
B,billing,mobile,0.9368997995316983,1619.6991824418355,0.6490161240553554
B,billing,desktop,0.9875724638529043,1638.5262924071053,0.6361723460148712
B,billing,desktop,0.9216746489815973,1342.40650172583,0.6151388402423504
B,account,mobile,0.854806420658664,1630.3158750886157,0.6853853494531589
B,billing,desktop,0.8937767005935222,1322.0495359335218,0.5899416314395521
B,billing,mobile,1.01814443842541,1588.1783832206602,0.5578401961936685
B,technical,mobile,0.9263003459085347,1592.9608177054304,0.6587266376279866
B,billing,mobile,0.927830801031249,1213.3024662506243,0.6808776074055101
B,billing,desktop,0.925008090186256,1513.9468869794114,0.5558684044879958
B,account,desktop,1.0352068294786503,1429.7255829959527,0.7242472488792865
B,account,mobile,1.021297945768103,1386.1852113096938,0.5083615089779138
B,account,desktop,1.0509390116724067,1702.6278496048508,0.6037509233027486
B,account,desktop,0.9320477394799974,1401.9481289043872,0.6293593171041914
B,account,mobile,0.9547812244373547,1379.0434606322924,0.5991021029878456
B,account,mobile,0.8641678725289603,1511.354241000764,0.6047951621159047
B,billing,desktop,1.0138467213059137,1602.8384619447625,0.7996859585846492
B,account,mobile,0.8816110224366032,1478.752712098481,0.5819292728768881
B,account,desktop,0.9508387781881315,1674.9555818503877,0.8452977377977531
B,technical,desktop,0.8851348736183577,1579.6463492946136,0.6849701423784842
B,billing,desktop,0.9105566586630651,1173.2683020402856,0.6573644109849593
B,billing,desktop,0.8981368784475149,1420.5799554739488,0.6880992282710133
B,billing,mobile,0.909606236966209,1415.7236850972452,0.8523942199401562
B,account,mobile,0.9130438648425511,1571.9041430144134,0.5705125596854842
B,account,mobile,0.9125865602537461,1106.2774415438832,0.5603665664850889
B,account,mobile,0.9816666955890153,1882.3514563076583,0.5896107042742463
B,technical,desktop,0.884756860346874,1579.6539142341314,0.6525714517571649
B,account,desktop,0.9510270713506933,1522.3315205876536,0.5119383100149941
B,technical,mobile,1.0008979576152779,1677.235157462872,0.6517871391454887
B,billing,desktop,0.9143401817743302,1851.5481079218937,0.7854837706730938
B,account,desktop,0.9041040554626198,1630.6119966882604,0.6621125912499822
B,technical,desktop,0.9284737687409874,1642.321964470743,0.6265851632819779
B,technical,mobile,0.9989862604180355,1519.6035036696574,0.6005471641053098
B,account,mobile,0.9497053815476678,1478.7711369949577,0.7218809363641252
B,billing,mobile,0.91343928526962,1428.6306833992649,0.5839333781409562
B,billing,desktop,0.9641938325594019,1376.0832012428186,0.7977116736479398
B,billing,mobile,0.8848853925081788,1396.9478850450755,0.8046687798171486
B,technical,mobile,0.9740679755221473,1297.4166053485526,0.6705400638929431
B,technical,mobile,0.9604303653850883,1488.6192823972465,0.6490787929538684
B,technical,mobile,0.9246095764430557,1247.299863416042,0.7324527846593247
B,technical,mobile,0.8980707100776384,1528.6374786215565,0.737583880178186
B,billing,mobile,0.895665953885827,1494.5504087936488,0.5855206615152468
B,account,desktop,0.9667408668172954,1522.0402947580033,0.6078755893490638
B,technical,desktop,1.001449025124453,1421.6802644970012,0.5442122052253364
B,technical,mobile,0.9081346126485602,1961.5290555270756,0.6827251950667246
B,billing,mobile,0.9629193351775741,1704.0173850270469,0.7033302306765513
B,account,desktop,0.8356486490698964,1313.3186249872915,0.5420059489710982
B,account,desktop,0.91076911346714,1534.9302131140348,0.6135840876147073
B,billing,mobile,0.9384470533564548,1408.7990785594016,0.5422196865934921
B,billing,mobile,0.8945158291509082,1347.828040993888,0.578096015180493
B,account,mobile,0.8931746812605201,1298.9891893314098,0.694081364818104
B,technical,mobile,0.9066110221765556,1564.832503613888,0.5913214346657376
B,account,desktop,0.9546096364163186,1397.792964739564,0.6259339235174162
B,billing,mobile,0.9306335490796812,1645.1739036037807,0.5198150617642148
B,technical,mobile,0.8280884383337513,1649.067332179566,0.6649592167779732
B,technical,mobile,0.8339649923682466,1706.0871577817175,0.6464581344124282
B,billing,mobile,0.9096567411071412,1372.1419850888844,0.591683259997347
B,billing,desktop,0.9628843293026775,1571.3048416038016,0.6348788561854021
B,billing,desktop,0.8026247578637382,1594.8681324963452,0.6644235904402755
B,account,desktop,0.9150134911924184,1428.8732737344053,0.5848105480872525
B,account,mobile,0.9136876071741289,1384.2342063910687,0.5318989964798577
B,technical,mobile,1.0094168889104222,1741.428099866396,0.7944459546149453
B,billing,desktop,0.9207489094143567,1534.124381359808,0.5993381836231783
B,technical,mobile,0.9591494492370464,1595.3951626067608,0.6422591917450489
B,technical,mobile,0.9470628570043731,1376.688598225811,0.7308671788016251
B,technical,desktop,0.8334716760096399,1317.1073300216708,0.9323244150056387
B,technical,desktop,0.9784103608315868,1414.5825338261834,0.5504410840088908
B,billing,desktop,0.9507698252728144,1481.3967918915005,0.6859861770981208
B,technical,desktop,0.9654134319837294,1340.3669989773978,0.5933958171764715
B,billing,mobile,1.1363118853218164,1498.5232787024424,0.6068967756338631
B,billing,mobile,0.8357943530250705,1246.724221789725,0.5923830383194568
B,account,desktop,1.0262348324880555,1331.9928866295193,0.5599476025759532
B,billing,mobile,0.9256276240299822,1600.6366872415313,0.6466966910572272
B,account,desktop,0.9543664452201505,1590.568578041684,0.5320397850361411
B,billing,desktop,0.9377243877349378,1441.21848519197,0.7257446053209496
B,billing,mobile,0.9187881833300978,1347.335353638457,0.65440023488267
B,billing,desktop,0.911508353588062,1345.8894672710983,0.6837947978321152
B,account,mobile,0.9564754367786504,1444.0097631088029,0.6127049110443021
B,account,mobile,0.864141315166416,1596.6777737467937,0.6206236852630601
B,technical,mobile,0.9775289583760882,1639.2368537016487,0.6730051124133862
